query,source_name,claim,trust_score,source_type,last_updated,scraper_working,schema_valid,content_length,expected_resolution,resolution_status
"What is product price?","Official Pricing Page","₹1499",0.95,official,2026-05-20,True,True,420,"₹1499",RESOLVED_BY_OFFICIAL_SOURCE
"What is product price?","Old Pricing Brochure","₹999",0.55,internal_old,2023-01-10,True,True,310,"₹1499",RESOLVED_BY_OFFICIAL_SOURCE
"Is API v1 latest?","Official API Docs","API v2 is latest",0.95,official,2026-05-20,True,True,510,"API v2 is latest",RESOLVED_BY_OFFICIAL_SOURCE
"Is API v1 latest?","Old Internal API PDF","API v1 is latest",0.60,internal_old,2021-01-10,True,True,280,"API v2 is latest",RESOLVED_BY_OFFICIAL_SOURCE
"What is refund period?","Official Policy Page","30 days",0.95,official,2026-05-20,True,True,390,"30 days",AGREEMENT
"What is refund period?","Partner Policy Mirror","30 days",0.90,official,2026-05-18,True,True,370,"30 days",AGREEMENT
"What is plan limit?","Official Limits Page","10 000 API calls/month",0.95,official,2026-05-20,True,True,430,"10 000 API calls/month",SOURCE_CONFLICT
"What is plan limit?","Enterprise Docs Page","50 000 API calls/month",0.95,official,2026-05-19,True,True,410,"[manager review]",SOURCE_CONFLICT
"Is WhatsApp supported?","Broken Scraper Source","",0.90,official,2026-05-20,False,False,0,"[manager review]",NO_VALID_DATA
